Feature,Importance
VOC,0.43113542710211145
AQ,0.18915038408382331
USS,0.13297680586693297
CS,0.06312079618139856
footfall,0.048522416021687526
RP,0.04579297617807793
Temperature,0.04287698208801761
IP,0.02464201079215459
tempMode,0.02178220168579589
