,precision,recall,f1-score
0,0.8910891089108911,0.8823529411764706,0.8866995073891626
1,0.8636363636363636,0.8735632183908046,0.8685714285714285
